City ID,City,Country,Lat,Lng,Temperature,Humidity,Clouds,Wind Speed
3369157,Cape Town,ZA,-33.9258,18.4232,56.66,81,0,12.66
2618795,Klaksvík,FO,62.2266,-6.589,45.52,80,100,18.28
2206939,Bluff,NZ,-46.6,168.3333,58.8,92,100,5.53
2208248,Kaitangata,NZ,-46.2817,169.8464,55.72,96,100,2.66
1835848,Seoul,KR,37.5683,126.9778,62.4,33,0,6.91
2214432,Nālūt,LY,30.3333,10.85,60.31,36,0,5.77
5044290,Saint Anthony,US,45.0205,-93.218,66.38,32,0,17.27
2122090,Pevek,RU,69.7008,170.3133,29.03,84,100,3.98
935214,Saint-Pierre,RE,-21.3393,55.4781,69.48,73,0,5.75
3393768,Óbidos,BR,-1.9175,-55.5181,74.89,95,85,2.01
1502073,Krasnosel'kup,RU,65.7,82.4667,16.14,83,6,15.26
2236967,Soyo,AO,-6.1349,12.3689,76.95,88,9,2.64
2126199,Cherskiy,RU,68.75,161.3,29.93,95,100,17.22
2028028,Aksha,RU,50.2814,113.2867,67.01,23,0,14.81
2427455,Moundou,TD,8.5667,16.0833,81.43,63,99,4.41
1651103,Atambua,ID,-9.1061,124.8925,84.04,62,16,4.0
6185377,Yellowknife,CA,62.456,-114.3525,34.32,86,100,27.63
6170031,Tuktoyaktuk,CA,69.4541,-133.0374,35.6,80,20,12.66
5848280,Kapaa,US,22.0752,-159.319,76.23,80,75,18.41
2075265,Busselton,AU,-33.65,115.3333,67.73,62,37,5.48
3831208,Qaanaaq,GL,77.484,-69.3632,15.57,80,99,5.79
3833367,Ushuaia,AR,-54.8,-68.3,47.86,43,0,16.11
4032243,Vaini,TO,-21.2,-175.2,78.96,78,40,9.22
2110227,Butaritari,KI,3.0707,172.7902,82.4,74,15,16.44
5905393,Bonavista,CA,48.6499,-53.1147,34.5,75,10,18.37
1714733,Dingle,PH,10.9995,122.6711,88.57,62,97,15.61
1015776,Bredasdorp,ZA,-34.5322,20.0403,53.62,92,35,1.25
6089245,Norman Wells,CA,65.282,-126.8329,42.84,56,75,5.75
2180815,Tuatapere,NZ,-46.1333,167.6833,60.24,89,100,2.08
4031574,Provideniya,RU,64.3833,-173.3,32.83,94,100,9.33
3105522,Bereda,ES,43.2686,-7.5406,51.58,98,91,1.97
3466704,Castro,BR,-24.7911,-50.0119,48.0,98,72,4.27
5855927,Hilo,US,19.7297,-155.09,73.15,85,100,12.66
3203521,Brčko,BA,44.8728,18.8083,54.91,75,98,1.79
1024701,Macia,MZ,-25.0269,33.0989,63.16,92,4,3.22
5106841,Albany,US,42.6001,-73.9662,45.81,47,100,1.97
2132606,Samarai,PG,-10.6167,150.6667,84.49,75,44,14.52
3874787,Punta Arenas,CL,-53.15,-70.9167,44.71,70,40,20.71
3382160,Cayenne,GF,4.9333,-52.3333,82.09,1,75,5.99
2022572,Khatanga,RU,71.9667,102.5,16.36,90,99,10.96
4030556,Rikitea,PF,-23.1203,-134.9692,77.43,82,10,17.11
601734,Daşoguz,TM,41.8363,59.9666,69.75,78,100,13.8
1272145,Dwārāhāt,IN,29.7833,79.4333,78.33,21,0,2.44
2122293,Ozernovskiy,RU,51.5,156.5167,51.62,72,89,8.23
3445133,Viçosa,BR,-20.7539,-42.8819,61.47,96,22,5.55
2145554,Ulladulla,AU,-35.35,150.4667,67.1,44,1,4.74
4421935,Clarksdale,US,34.2001,-90.5709,62.58,88,40,0.0
1529660,Aksu,CN,41.1231,80.2644,76.64,26,1,4.03
1061412,Mananara,MG,-16.1667,49.7667,72.03,95,76,3.56
686090,Asău,RO,46.4333,26.4,41.92,82,24,2.13
6853140,Lesnoy,RU,57.6198,63.0784,49.6,62,15,8.75
2123814,Leningradskiy,RU,69.3833,178.4167,29.19,85,100,7.31
2396853,Omboué,GA,-1.5746,9.2618,75.85,90,100,3.29
779622,Havøysund,NO,70.9963,24.6622,32.23,71,100,27.29
3893629,Coquimbo,CL,-29.9533,-71.3436,56.93,88,100,5.75
6167817,Torbay,CA,47.6666,-52.7314,31.84,86,75,4.0
3396016,Macapá,BR,0.0389,-51.0664,80.58,89,20,2.3
5563839,Fortuna,US,40.5982,-124.1573,50.83,75,100,10.36
1490058,Taseyevo,RU,57.2169,94.8978,35.37,52,97,16.62
546105,Nikolskoye,RU,59.7035,30.7861,42.8,92,100,4.97
6445060,Sainte-Maxime,FR,43.3,6.6333,56.91,86,96,5.17
935215,Saint-Philippe,RE,-21.3585,55.7679,69.39,84,42,12.41
5866583,Saint Paul Harbor,US,57.79,-152.4072,56.71,41,0,12.66
3366880,Hermanus,ZA,-34.4187,19.2345,58.48,81,99,4.25
1631637,Pemangkat,ID,1.1667,108.9667,81.75,78,100,3.53
3430863,Mar del Plata,AR,-38.0023,-57.5575,59.23,85,0,12.66
163345,Tartous,SY,34.889,35.8866,62.58,75,0,8.21
6201424,Mataura,NZ,-46.1927,168.8643,58.48,94,100,0.74
3384481,Distrikt Brokopondo,SR,4.75,-55.1667,76.32,90,100,7.45
1283285,Jumla,NP,29.2747,82.1838,62.22,59,18,4.61
2179103,Whitianga,NZ,-36.8333,175.7,65.61,60,15,6.4
3466165,Cidreira,BR,-30.1811,-50.2056,63.19,76,0,10.47
541349,Krasnyy Yar,RU,46.5331,48.3456,50.97,79,100,15.48
2940476,Bützow,DE,53.85,11.9833,43.66,85,36,7.14
3129839,Aras,ES,42.5617,-2.356,44.85,87,0,6.91
2015306,Tiksi,RU,71.6872,128.8694,18.82,77,27,5.39
2377457,Nouadhibou,MR,20.931,-17.0347,64.38,88,75,18.41
5122534,Jamestown,US,42.097,-79.2353,49.39,46,0,8.05
2127060,Arman',RU,59.7,150.1667,35.65,87,99,4.25
3461425,Ilhabela,BR,-23.7781,-45.3581,69.3,71,98,2.01
2450173,Taoudenni,ML,22.6783,-3.9836,81.36,11,0,16.17
2255285,Sibiti,CG,-3.6819,13.3499,68.04,99,77,0.34
1006984,East London,ZA,-33.0153,27.9116,61.43,84,100,10.87
1642773,Japura,ID,-0.3167,102.35,82.36,77,100,3.74
2109528,Buala,SB,-8.145,159.5921,84.25,74,38,9.69
2015179,Tommot,RU,58.9564,126.2925,53.26,58,87,9.33
3533462,Acapulco de Juárez,MX,16.8634,-99.8901,79.77,72,97,6.85
964432,Port Alfred,ZA,-33.5906,26.891,57.18,87,99,3.0
3443061,Chui,UY,-33.6971,-53.4616,56.32,85,2,4.99
2155415,New Norfolk,AU,-42.7826,147.0587,57.7,53,85,1.01
113646,Tabriz,IR,38.08,46.2919,44.06,70,75,2.3
3500957,La Romana,DO,18.4273,-68.9728,75.56,94,20,0.0
2520726,Buñol,ES,39.4167,-0.7833,54.45,65,5,4.52
3361934,Saldanha,ZA,-33.0117,17.9442,50.05,85,2,13.53
3414079,Olafsvik,IS,64.8945,-23.7142,42.15,92,100,14.07
7647007,Bariloche,AR,-41.1456,-71.3082,55.15,50,40,19.57
1803422,Linhai,CN,28.85,121.1167,76.93,51,99,4.27
2163355,Hobart,AU,-42.8794,147.3294,59.29,59,40,13.8
102527,Sakakah,SA,29.9697,40.2064,60.37,35,2,6.26
2120047,Ust'-Omchug,RU,61.15,149.6333,32.14,90,100,1.23
1651810,Airai,TL,-8.9266,125.4092,73.67,60,46,5.75
1622786,Makassar,ID,-5.14,119.4221,84.25,89,20,2.3
5421250,Englewood,US,39.6478,-104.9878,61.95,43,40,17.27
5859699,College,US,64.8569,-147.8028,45.52,80,75,5.75
3445026,Vila Velha,BR,-20.3297,-40.2925,75.15,78,0,12.66
3985710,Cabo San Lucas,MX,22.8909,-109.9124,78.51,51,0,1.01
3471451,Arraial do Cabo,BR,-22.9661,-42.0278,72.09,79,72,8.66
3652764,Puerto Ayora,EC,-0.7393,-90.3518,71.51,93,25,7.47
4231997,Avera,US,33.194,-82.5271,60.3,73,0,7.2
3144661,Nesna,NO,66.1967,13.0213,37.29,63,100,15.9
3470137,Belmonte,BR,-15.8631,-38.8828,74.62,88,61,4.43
3356832,Henties Bay,NA,-22.116,14.2845,55.98,89,0,11.43
1267390,Kavaratti,IN,10.5669,72.642,84.58,68,81,11.14
3355672,Lüderitz,NA,-26.6481,15.1594,52.79,75,0,14.88
1257540,Sambhal,IN,28.5833,78.55,93.33,15,0,5.64
6050066,La Ronge,CA,55.1001,-105.2842,48.45,71,100,5.75
3516078,Tekanto,MX,21.0167,-89.1,80.22,70,1,3.24
2654970,Brae,GB,60.3964,-1.353,42.66,75,99,7.11
3984571,Santa Catarina de Tepehuanes,MX,25.35,-105.7333,62.82,33,0,8.81
2012593,Zeya,RU,53.75,127.2667,56.19,28,23,4.99
2017155,Saskylakh,RU,71.9167,114.0833,13.84,90,62,14.9
1496476,Nyagan,RU,62.1406,65.3936,47.25,75,84,6.8
1793774,Suozhen,CN,36.9539,118.1047,54.07,55,100,10.58
4020109,Atuona,PF,-9.8,-139.0333,78.91,72,38,14.9
3395981,Maceió,BR,-9.6658,-35.7353,72.84,94,75,3.44
1819729,Hong Kong,HK,22.2855,114.1577,80.13,61,89,8.99
4035715,Avarua,CK,-21.2078,-159.775,80.94,76,44,6.29
1106677,Bambous Virieux,MU,-20.3428,57.7575,71.85,94,75,2.3
6316343,Alta Floresta,BR,-9.8756,-56.0861,70.84,93,14,2.17
3391889,Pitimbu,BR,-7.4706,-34.8086,75.79,84,91,7.58
2410065,Yamandu,SL,7.9362,-11.4928,71.94,98,100,1.07
933995,Souillac,MU,-20.5167,57.5167,71.98,94,75,2.3
6620339,Karratha,AU,-20.7377,116.8463,83.75,36,94,20.56
4164601,Miramar,US,25.9873,-80.2323,74.97,79,20,6.91
3448903,São João da Barra,BR,-21.6403,-41.0511,68.59,92,2,11.7
3386213,Touros,BR,-5.1989,-35.4608,76.57,88,100,8.1
5478673,Meadow Lake,US,34.8014,-106.5436,76.96,12,44,19.28
3421319,Nuuk,GL,64.1835,-51.7216,29.88,92,6,11.01
1275506,Birmitrapur,IN,22.4,84.7667,94.6,28,0,2.51
3608828,Iralaya,HN,15.0,-83.2333,80.44,84,78,10.27
3883457,Lebu,CL,-37.6167,-73.65,52.99,92,5,1.01
2109701,Auki,SB,-8.7676,160.7034,84.94,70,38,4.0
5975004,High Level,CA,58.5169,-117.136,33.91,100,100,12.66
2156643,Mount Gambier,AU,-37.8333,140.7667,58.91,72,75,8.05
3645532,Ciudad Bolivar,VE,8.1222,-63.5497,78.66,80,100,2.28
2511150,Santa Lucía,ES,27.9117,-15.5407,58.32,77,20,17.27
5924351,Clyde River,CA,70.4692,-68.5914,17.83,86,40,3.44
209598,Manono,CD,-7.3,27.4167,67.57,86,100,3.31
2121385,Severo-Kuril'sk,RU,50.6789,156.125,50.47,73,98,12.12
3423146,Ilulissat,GL,69.2167,-51.1,7.0,89,2,5.95
4696233,Harlingen,US,26.1906,-97.6961,80.37,88,0,14.97
6165406,Thompson,CA,55.7435,-97.8558,60.96,63,100,4.61
1810553,Gaogou,CN,34.0175,119.1886,70.63,26,8,11.32
3424607,Tasiilaq,GL,65.6145,-37.6368,27.1,72,100,5.32
2137773,Vao,NC,-22.6667,167.4833,74.14,71,47,17.6
4323873,Estelle,US,29.8458,-90.1067,80.55,69,0,0.0
4448903,Tupelo,US,34.2576,-88.7034,60.67,77,0,0.0
990930,Kimberley,ZA,-28.7323,24.7623,47.89,93,7,2.3
538075,Kuyanovo,RU,55.8014,54.5372,48.45,63,8,3.22
3354071,Oranjemund,NA,-28.55,16.4333,53.56,88,0,8.03
2174933,Bongaree,AU,-27.0797,153.1586,70.86,90,99,15.73
3407194,Areia Branca,BR,-4.9561,-37.1369,76.42,88,94,10.49
5557293,Sitka,US,57.0531,-135.33,49.89,62,75,18.41
627811,Ivanava,BY,52.1451,25.5365,48.31,88,62,5.39
1272864,Dhārchula,IN,29.85,80.5333,78.4,36,9,4.59
3379316,Lethem,GY,3.3803,-59.7968,75.4,88,71,3.38
3380290,Sinnamary,GF,5.3833,-52.95,77.7,87,77,9.13
3468031,Camaçari,BR,-12.6975,-38.3242,82.17,89,2,4.27
1735106,George Town,MY,5.4112,100.3354,85.96,75,20,10.36
2630299,Hofn,IS,64.2539,-15.2082,43.92,75,100,8.1
709248,Fastiv,UA,50.0767,29.9177,50.47,69,82,6.71
1282256,Hithadhoo,MV,-0.6,73.0833,84.2,76,22,16.06
3137469,Sørland,NO,67.667,12.6934,37.26,62,95,19.42
2522875,Province of Trapani,IT,37.8333,12.6667,56.88,88,40,4.61
1709653,Kalawit,PH,8.0667,122.5167,86.27,77,68,11.56
3869716,Tocopilla,CL,-22.092,-70.1979,62.31,84,32,4.79
1519385,Sergeevka,KZ,53.88,67.4158,50.94,30,1,7.67
777019,Vardø,NO,70.3705,31.1107,33.78,80,75,23.02
3451138,Rio Grande,BR,-32.035,-52.0986,59.34,84,1,7.09
710615,Chortomlyk,UA,47.6232,34.142,49.59,65,96,2.28
6537117,Gorgonzola,IT,45.5316,9.4047,57.45,93,100,4.47
1805935,Jiazi,CN,22.8779,116.067,78.22,66,93,15.52
189280,Lodwar,KE,3.1191,35.5973,81.36,61,74,11.07
4005370,Guadalupe y Calvo,MX,26.1,-106.9667,51.19,35,2,2.71
3400739,Esperantinópolis,BR,-4.8667,-44.7083,74.37,93,98,2.48
1507390,Dikson,RU,73.5069,80.5464,10.85,95,91,13.35
338554,Dubti,ET,11.7361,41.0853,84.42,57,25,11.25
5856516,‘Āhuimanu,US,21.4447,-157.8378,77.7,70,75,23.02
359796,Suez,EG,29.9737,32.5263,64.22,38,59,6.02
934322,Mahébourg,MU,-20.4081,57.7,71.89,94,75,2.3
3099759,Elblag,PL,54.1522,19.4088,50.97,91,60,4.99
2028164,Deputatsky,RU,69.3,139.9,18.99,68,99,4.25
3981391,Tomatlán,MX,19.9333,-105.25,71.55,84,38,1.01
934479,Grand Gaube,MU,-20.0064,57.6608,75.38,76,42,3.0
1863398,Haibara-akanedai,JP,34.5333,135.95,64.06,34,24,8.86
3372707,Ribeira Grande,PT,38.5167,-28.7,61.02,66,87,2.89
3420846,Qaqortoq,GL,60.7167,-46.0333,38.52,65,98,5.91
3887127,Iquique,CL,-20.2208,-70.1431,64.44,78,59,2.19
780687,Berlevåg,NO,70.8578,29.0864,33.6,89,100,29.95
2270385,Camacha,PT,33.0833,-16.3333,58.42,72,40,12.66
3466980,Caravelas,BR,-17.7125,-39.2481,74.26,86,96,10.47
3139597,Sistranda,NO,63.7256,8.834,37.36,61,98,19.57
2729907,Longyearbyen,SJ,78.2186,15.6401,9.0,91,45,5.7
3899695,Ancud,CL,-41.8697,-73.8203,56.07,92,100,25.41
2112309,Katsuura,JP,35.1333,140.3,58.78,73,100,16.82
5546220,Saint George,US,37.1041,-113.5841,82.99,14,0,27.63
72181,Marzuq,YE,14.4,46.4667,72.73,32,25,4.5
3465228,Coxim,BR,-18.5067,-54.76,62.65,50,0,3.36
2135517,Norsup,VU,-16.0667,167.3833,82.85,61,47,17.34
5735537,La Grande,US,45.3246,-118.0877,41.61,70,98,9.44
6137462,Saint-Augustin,CA,51.226,-58.6502,31.39,73,18,6.6
1735902,Sibu,MY,2.3,111.8167,82.13,83,40,3.44
1121143,Zabul Province,AF,32.25,67.25,74.37,19,0,5.86
2397614,Ndendé,GA,-2.4008,11.3581,71.64,98,96,2.1
2210554,Sirte,LY,31.2089,16.5887,62.96,73,2,7.2
884927,Mutoko,ZW,-17.397,32.2268,57.36,85,8,1.52
1490256,Talnakh,RU,69.4865,88.3972,16.21,88,10,12.97
4033557,Tautira,PF,-17.7333,-149.15,81.1,74,8,0.09
964420,Port Elizabeth,ZA,-33.918,25.5701,54.81,81,0,6.91
3576994,Cockburn Town,TC,21.4612,-71.1419,78.53,81,0,8.86
2400547,Gamba,GA,-2.65,10.0,75.76,87,100,1.68
2015913,Suntar,RU,62.1444,117.6319,46.53,71,51,14.92
6453316,Tromsø,NO,69.6496,18.957,31.37,86,75,0.0
2108502,Honiara,SB,-9.4333,159.95,86.32,71,44,8.93
563534,El'brus,RU,43.2577,42.6443,30.11,93,79,2.84
1269046,Jhajha,IN,24.7667,86.3667,93.92,36,18,7.31
2036055,Lishu,CN,43.3047,124.3278,67.24,13,100,8.93
2264557,Ponta do Sol,PT,32.6667,-17.1,62.94,68,80,6.96
2025241,Churapcha,RU,62.0025,132.4325,45.28,80,100,13.09
5880054,Barrow,US,71.2906,-156.7887,24.82,86,100,8.05
2019935,Mnogovershinnyy,RU,53.9353,139.9242,40.93,69,100,6.58
2071860,Esperance,AU,-33.8667,121.9,67.84,37,62,14.67
1705441,Lubao,PH,14.9167,120.55,92.91,42,28,10.6
5392593,San Ramon,US,37.7799,-121.978,55.2,63,0,16.11
949683,Thabazimbi,ZA,-24.5917,27.4116,60.69,42,17,4.72
5710360,Winnemucca,US,40.973,-117.7357,55.45,28,75,14.97
3372760,Praia da Vitória,PT,38.7333,-27.0667,57.45,94,40,2.93
2513947,Melilla,ES,35.2937,-2.9383,59.38,82,40,2.3
4726521,San Patricio,US,28.017,-97.5169,79.54,85,0,15.12
3515643,Tierra Colorada,MX,17.1667,-99.5833,77.97,69,99,1.92
2214827,Mizdah,LY,31.4451,12.9801,58.71,43,4,5.64
3372964,Lagoa,PT,39.05,-27.9833,59.97,70,94,5.55
8010683,Porto Santo,PT,33.072,-16.3415,61.18,72,40,12.66
4362001,Mayo,US,38.8876,-76.5119,46.54,93,100,10.36
2074865,Carnarvon,AU,-24.8667,113.6333,77.07,47,40,4.61
2070998,Geraldton,AU,-28.7667,114.6,79.21,34,40,6.91
4032369,Pangai,TO,-19.8,-174.35,78.04,68,80,6.11
2063036,Port Lincoln,AU,-34.7333,135.8667,61.52,64,15,7.43
2084442,Vanimo,PG,-2.6741,141.3028,86.56,68,33,9.73
5563397,Eureka,US,40.8021,-124.1637,52.0,76,9,3.0
1500607,Lesosibirsk,RU,58.2358,92.4828,33.37,60,100,15.05
3422683,Kangaatsiaq,GL,68.3065,-53.4641,15.26,88,10,6.17
1512019,Aksarka,RU,66.5606,67.7975,32.63,100,100,10.8
651943,Kokkola,FI,63.8385,23.1307,35.24,75,0,4.61
3672197,Pinillos,CO,8.9193,-74.4677,76.33,93,47,2.71
3683528,El Paujíl,CO,1.5701,-75.3286,71.01,98,93,0.54
1806408,Yangjiang,CN,21.85,111.9667,79.61,69,98,6.26
2686469,Örnsköldsvik,SE,63.2909,18.7153,32.95,74,84,11.5
6125862,Roblin,CA,51.23,-101.3565,52.11,87,68,17.83
1738050,Marabu,MY,4.4148,114.0089,87.94,79,40,4.61
3453060,Pontes e Lacerda,BR,-15.2261,-59.3353,64.78,68,0,3.18
1259385,Port Blair,IN,11.6667,92.75,84.0,79,100,22.64
2013727,Vanavara,RU,60.34,102.2797,34.12,65,100,17.81
3614970,Azacualpa,HN,15.3433,-88.5514,79.45,94,81,1.25
1224061,Wattegama,LK,6.7989,81.4808,81.75,75,100,3.71
3385077,Conde,BR,-7.2597,-34.9075,74.66,100,75,4.61
2392505,Nikki,BJ,9.9401,3.2108,77.5,76,34,7.47
1685422,Sulangan,PH,11.1373,123.7228,84.09,74,71,11.81
2643044,Margate,GB,51.3813,1.3862,48.85,89,1,5.99
1732826,Mersing,MY,2.4312,103.8405,80.51,89,40,1.14
2171722,Charters Towers,AU,-20.1,146.2667,78.33,66,98,13.0
1307741,Myitkyina,MM,25.3833,97.4,88.09,50,48,2.91
3109966,Santa Comba,ES,43.0331,-8.8093,51.01,62,96,2.21
2156927,Moree,AU,-29.4667,149.85,68.02,28,0,12.66
2025325,Chkalovskoye,RU,44.8392,133.0436,54.19,32,28,15.95
3703229,Pedregal,PA,8.3667,-82.4333,77.09,100,40,2.3
5746545,Portland,US,45.5234,-122.6762,47.77,73,99,5.99
2121025,Srednekolymsk,RU,67.45,153.6833,29.8,87,60,9.13
5488598,Ruidoso,US,33.3317,-105.673,70.72,9,0,19.57
2294915,Takoradze,GH,4.8845,-1.7554,79.23,84,43,1.77
2216645,Hūn,LY,29.1268,15.9477,64.26,43,0,10.33
5861897,Fairbanks,US,64.8378,-147.7164,45.48,79,75,5.75
515879,Oktyabr'skiy,RU,54.4815,53.471,48.36,55,5,2.89
2194098,Ahipara,NZ,-35.1667,173.1667,67.21,62,18,4.07
485824,Suzdal,RU,56.4281,40.4414,46.89,80,88,11.01
485660,Tsimmerbude,RU,54.675,20.1347,42.85,90,59,8.68
286621,Salalah,OM,17.0151,54.0924,79.56,77,34,5.88
1673820,Kaohsiung City,TW,22.6163,120.3133,82.98,77,75,10.36
3628473,San Cristobal,VE,7.7669,-72.225,71.78,99,99,3.74
4034551,Faanui,PF,-16.4833,-151.75,82.18,73,9,7.23
3181480,Bruneck,IT,46.7958,11.9364,50.29,93,98,2.57
5767918,Pierre,US,44.3683,-100.351,62.55,59,100,10.0
1277769,Baikunthpur,IN,23.25,82.55,91.18,20,0,4.05
5969025,Haines Junction,CA,60.7522,-137.5108,40.95,81,82,4.61
1652203,Xam Nua,LA,20.4197,104.0439,74.28,78,98,1.45
2738381,Lata,PT,40.1629,-8.3327,55.08,65,97,3.09
1273909,Churāchāndpur,IN,24.3333,93.6667,82.29,52,2,1.01
1218612,Murgab,TM,37.4966,61.9714,71.47,60,0,6.91
3932145,Pisco,PE,-13.7,-76.2167,64.45,88,9,10.36
2012530,Zhigansk,RU,66.7697,123.3711,30.92,95,100,13.09
2338660,Yaan,NG,7.3833,8.5667,76.5,87,99,3.47
542133,Krasnoyarskiy,RU,51.965,59.8967,46.74,35,85,9.57
2036933,Helong,CN,42.5397,128.9972,62.42,18,100,14.5
1493162,Salym,RU,60.0625,71.4789,37.89,94,100,4.29
2521582,Arona,ES,28.0996,-16.681,59.04,79,0,5.75
6096551,Pangnirtung,CA,66.1451,-65.7125,12.96,73,39,7.4
1177446,Gwadar,PK,25.1216,62.3254,80.76,79,0,9.93
5847411,Kahului,US,20.8947,-156.47,78.12,68,20,24.16
1275812,Bhuj,IN,23.2667,69.6667,84.47,58,0,12.93
3397665,Jaguaruana,BR,-4.8339,-37.7811,74.1,95,80,5.26
3664716,Canutama,BR,-6.5339,-64.3831,73.47,97,100,4.32
2436400,Ati,TD,13.2154,18.3353,87.15,27,100,5.86
2662689,Visby,SE,57.6409,18.296,34.02,93,100,2.3
3629614,Punta Cardon,VE,11.6581,-70.215,79.27,86,82,22.08
6111862,Port Hardy,CA,50.6996,-127.4199,42.98,87,75,8.05
1510916,Barabinsk,RU,55.3571,78.357,43.79,33,51,12.21
1068971,Antsohihy,MG,-14.8796,47.9875,69.93,89,14,3.47
556268,Ostrovnoy,RU,68.0531,39.5131,32.94,79,96,14.23
1056899,Sambava,MG,-14.2667,50.1667,72.73,91,37,8.19
3389622,Santa Helena,BR,-2.2311,-45.3,73.62,98,100,1.61
2229798,Kousséri,CM,12.0769,15.0306,89.56,43,88,4.61
2240449,Luanda,AO,-8.8368,13.2343,77.0,94,75,10.36
2446796,Bilma,NE,18.6853,12.9164,90.84,13,100,5.99
1314759,Lashio,MM,22.9333,97.75,84.56,52,28,1.05
1503061,Kochki,RU,54.3358,80.4806,42.91,30,0,9.73
1498161,Muzhi,RU,65.3667,64.6667,35.33,100,100,7.47
3441890,Departamento de Maldonado,UY,-34.6667,-54.9167,58.39,90,16,5.57
2094342,Kavieng,PG,-2.5744,150.7967,86.07,65,28,16.37
1489138,Tselinnoye,RU,53.0833,85.6667,40.91,31,2,9.91
1680677,Tungawan,PH,7.5081,122.3711,86.99,71,76,2.62
3374333,Praia,CV,14.9215,-23.5087,70.34,78,20,16.11
2206894,Hokitika,NZ,-42.7167,170.9667,58.8,97,100,17.96
986717,Kruisfontein,ZA,-34.0033,24.7314,52.88,77,55,5.79
3397763,Jacareacanga,BR,-6.2222,-57.7528,73.11,98,64,0.85
3115824,Muros,ES,42.7762,-9.0603,54.84,84,92,4.81
3665199,Ariquemes,BR,-9.9133,-63.0408,72.91,91,61,1.88
3466901,Carmo do Rio Claro,BR,-20.9719,-46.1189,65.71,79,99,4.03
878549,Zvishavane,ZW,-20.3267,30.0665,60.46,63,19,2.17
3981432,Todos Santos,MX,23.45,-110.2167,69.89,68,2,5.86
1508260,Novobirilyussy,RU,56.9514,90.6661,33.42,51,100,14.76
3520994,Puerto Escondido,MX,15.85,-97.0667,81.82,62,96,3.6
688750,Vylkove,UA,45.4021,29.586,47.84,67,71,2.73
4946620,Palmer,US,42.1584,-72.3287,45.5,40,75,9.22
1786060,Yuanping,CN,38.7153,112.7575,53.67,52,99,2.82
1649150,Bengkulu,ID,-3.8004,102.2655,80.53,72,100,2.33
1337610,Thinadhoo,MV,0.5333,72.9333,83.86,77,28,14.76
2027296,Aykhal,RU,66.0,111.5,31.46,98,100,21.88
1273246,Deogarh,IN,21.5333,84.7333,89.58,46,0,6.29
4470244,Havelock,US,34.8791,-76.9013,60.64,92,100,4.0
2126123,Chokurdakh,RU,70.6333,147.9167,16.7,87,82,8.63
669691,Prejmer,RO,45.7167,25.7667,42.19,45,40,2.08
6148373,Sioux Lookout,CA,50.1001,-91.917,57.27,38,75,8.05
3936456,Lima,PE,-12.0432,-77.0282,67.89,79,0,8.05
2038665,Alihe,CN,50.5667,123.7167,67.89,13,0,2.17
1707944,Lala,PH,7.9745,123.7458,90.66,58,43,7.07
3374210,São Filipe,CV,14.8961,-24.4956,72.64,80,10,9.01
1814093,Dali,CN,25.7,100.1833,72.43,50,19,5.08
3945985,Camaná,PE,-16.6228,-72.7111,65.48,90,64,5.73
2374583,Bubaque,GW,11.2833,-15.8333,77.02,71,3,10.87
1990589,Teluknaga,ID,-6.0989,106.6381,86.02,79,20,5.75
336372,Waliso,ET,8.5333,37.9833,60.35,48,28,3.47
3899539,Antofagasta,CL,-23.65,-70.4,61.88,80,75,3.47
1635164,Mlonggo,ID,-6.5333,110.7,85.91,71,29,6.08
610529,Atyrau,KZ,47.1167,51.8833,48.22,93,75,20.13
98112,Balad,IQ,34.0164,44.1453,66.43,36,4,3.89
342190,Bichena,ET,10.45,38.2,59.74,49,36,0.98
1214488,Meulaboh,ID,4.1363,96.1285,77.76,89,100,5.41
1215502,Banda Aceh,ID,5.5577,95.3222,84.22,70,98,5.84
3573374,The Valley,AI,18.217,-63.0578,80.46,76,58,17.56
2988507,Paris,FR,48.8534,2.3488,53.47,90,0,10.36
2013406,Vidim,RU,56.4088,103.1106,42.93,38,100,15.37
921900,Dzaoudzi,YT,-12.7887,45.2699,80.49,78,40,10.36
3556437,Jagüey Grande,CU,22.5269,-81.1286,75.76,87,1,4.32
3516171,Barra de Tecoanapa,MX,16.5167,-98.75,80.87,73,100,5.95
8079926,Labuhan,ID,-6.8844,112.2051,86.05,71,79,4.47
2027316,Ayan,RU,56.45,138.1667,40.93,70,35,4.43
1854774,Ōdachō-ōda,JP,35.1833,132.5,63.37,50,35,13.02
6087892,Niagara Falls,CA,43.1001,-79.0663,46.04,57,0,7.38
5282297,Bethel,US,41.3712,-73.414,46.04,50,100,1.99
2025256,Chumikan,RU,54.7183,135.315,46.36,59,0,12.37
2381972,Adrar,MR,20.5022,-10.0711,84.43,15,26,8.12
2980080,Saint-François,FR,46.4154,3.9054,45.84,93,42,0.0
2064735,Nhulunbuy,AU,-12.2333,136.7667,86.61,74,75,14.97
5919850,Chapais,CA,49.7834,-74.8492,35.38,89,0,3.94
359792,Aswān,EG,24.0934,32.907,72.7,17,0,4.61
2184772,Te Karaka,NZ,-38.4654,177.8679,68.4,52,9,4.76
2112802,Hasaki,JP,35.7333,140.8333,68.4,53,98,20.13
1636022,Martapura,ID,-3.4167,114.85,84.29,84,40,5.75
1655559,Luang Prabang,LA,19.8856,102.1347,78.76,83,75,2.3
2012623,Zavodskoy,RU,43.4597,132.2922,58.59,24,19,15.66
2694762,Linköping,SE,58.4109,15.6216,43.48,81,75,9.22
2128975,Nemuro,JP,43.3236,145.575,48.36,64,8,18.1
2063056,Port Augusta,AU,-32.5,137.7667,65.5,35,0,1.01
2122389,Ossora,RU,59.2353,163.0719,36.9,80,77,17.85
2274275,Robertsport,LR,6.7533,-11.3686,75.09,91,100,9.55
3460087,Jardim,BR,-21.4803,-56.1381,63.28,71,0,4.16
3155152,Gravdal,NO,68.1214,13.5031,37.27,61,100,21.79
1264976,Leh,IN,34.1667,77.5833,49.23,38,100,3.98
2068079,Kwinana,AU,-32.25,115.7667,72.63,34,34,1.01
1490796,Strezhevoy,RU,60.7333,77.5889,31.3,74,91,6.53
10722858,Forsytheganj,BY,52.6333,29.7333,46.31,96,65,5.12
352733,Marsá Maţrūḩ,EG,31.3525,27.2453,66.4,77,0,8.05
2206874,Waipawa,NZ,-41.4122,175.5153,61.7,65,82,21.12
1795196,Tongchuanshi,CN,35.0806,109.0897,65.32,59,71,5.93
3389822,Salinópolis,BR,-0.6136,-47.3561,78.35,86,99,5.66
366444,Tambura,SS,5.6,27.4667,68.61,94,63,4.29
3398480,Gurupá,BR,-1.405,-51.64,74.21,98,100,1.92
2171507,Wollongong,AU,-34.4333,150.8833,71.53,42,0,4.68
4034307,Mahina,PF,-17.5065,-149.489,80.37,78,75,6.91
5905348,Bon Accord,CA,53.8335,-113.4187,47.86,61,59,13.49
1337606,Eydhafushi,MV,5.1033,73.0708,84.79,72,74,12.91
3372783,Ponta Delgada,PT,37.7333,-25.6667,63.32,94,75,2.3
2172710,Caloundra,AU,-26.8,153.1333,70.29,87,99,4.0
2641598,Newport,GB,51.5877,-2.9984,52.61,85,100,6.71
1067565,Beloha,MG,-25.1667,45.05,66.78,89,25,1.99
499025,Samoded,RU,63.6083,40.5111,48.99,87,60,11.56
2396518,Port-Gentil,GA,-0.7193,8.7815,79.66,81,100,4.7
1630789,Pontianak,ID,-0.0333,109.3333,81.99,78,20,3.44
3175096,Laas,IT,46.6166,10.7002,48.36,93,96,2.55
6164499,The Pas,CA,53.8251,-101.2541,55.42,94,100,10.36
50814,Wajid,SO,3.8093,43.2471,74.01,83,12,6.93
2037485,Erenhot,CN,43.6475,111.9767,57.67,21,0,6.08
1691812,Real,PH,14.6625,121.6047,87.1,67,57,10.36
298806,Turgutlu,TR,38.4953,27.6997,55.58,80,100,1.54
3418910,Upernavik,GL,72.7868,-56.1549,4.51,83,21,5.53
1516048,Khovd,MN,48.0056,91.6419,66.22,23,55,12.12
3838859,Río Gallegos,AR,-51.6226,-69.2181,42.85,81,0,3.44
4031637,Lavrentiya,RU,65.5833,-171.0,32.68,90,100,5.08
1862555,Hirado,JP,33.3597,129.5531,70.39,69,13,18.39
108410,Riyadh,SA,24.6877,46.7219,71.74,22,4,6.89
3837213,San Juan,AR,-31.5375,-68.5364,63.88,39,86,6.69
3531816,Calderitas,MX,18.55,-88.25,80.98,84,1,11.68
2328790,Nkwerre,NG,5.7556,7.1063,74.03,96,79,3.29
5367788,Lompoc,US,34.6391,-120.4579,54.68,74,0,20.71
1790959,Taicheng,CN,38.731,113.228,50.4,63,100,3.85
3840300,Presidencia Roque Sáenz Peña,AR,-26.7852,-60.4388,59.52,90,5,6.22
6071876,Melfort,CA,52.8667,-104.6177,44.73,93,100,5.75
3837056,San Luis,AR,-33.295,-66.3356,60.53,62,96,12.8
1244926,Hambantota,LK,6.1241,81.1185,82.74,94,75,5.75
64814,Bandarbeyla,SO,9.4942,50.8122,81.66,85,94,8.37
1799686,Tongzi,CN,28.7829,105.0877,84.94,51,65,3.22
1529569,Changji,CN,44.0167,87.3167,68.79,64,0,8.95
3491161,Bull Savanna,JM,17.8868,-77.5902,74.17,87,5,9.31
636947,Siilinjärvi,FI,63.0833,27.6667,33.82,80,0,4.61
2413419,Gunjur,GM,13.2019,-16.7339,73.47,73,0,3.44
3354077,Opuwo,NA,-18.0607,13.84,59.47,41,0,3.11
5809902,Sedro-Woolley,US,48.5039,-122.2361,48.88,67,20,8.05
1106643,Quatre Cocos,MU,-20.2078,57.7625,75.09,69,66,13.91
5039080,New Brighton,US,45.0655,-93.2019,66.13,32,75,14.97
2544571,Kenitra,MA,34.261,-6.5802,54.36,87,5,4.54
2083537,Wewak,PG,-3.5534,143.6268,85.66,74,21,11.34
2647984,Great Yarmouth,GB,52.6083,1.7305,44.73,81,6,10.87
3421719,Narsaq,GL,60.9167,-46.05,38.16,62,99,7.2
3407903,Almeirim,BR,-1.5233,-52.5817,74.46,98,100,2.73
1490551,Suzun,RU,53.7841,82.3116,42.53,28,0,8.7
53157,Qandala,SO,11.472,49.8728,85.03,64,14,7.72
3421765,Nanortalik,GL,60.1432,-45.2371,38.03,78,100,2.35
2062276,Roebourne,AU,-20.7833,117.1333,83.8,34,94,18.84
2178753,Kirakira,SB,-10.4544,161.9205,83.89,77,95,11.21
2138555,Poum,NC,-20.2333,164.0167,78.24,61,53,24.27
3674292,Mosquera,CO,4.7059,-74.2302,57.29,88,75,3.44
2381334,Atar,MR,20.5169,-13.0499,85.46,12,35,7.23
5692947,Williston,US,48.147,-103.618,56.7,59,1,4.0
1734705,Kuala Terengganu,MY,5.3302,103.1408,87.75,74,20,7.0
2449893,Tessalit,ML,20.1986,1.0114,77.4,11,0,10.83
1726449,Basco,PH,20.4487,121.9702,82.65,77,83,13.49
581049,Arkhangelsk,RU,64.5401,40.5433,41.11,93,75,11.18
1623197,Tual,ID,-5.6667,132.75,84.81,78,49,18.19
1217662,Romitan,UZ,39.9343,64.3814,76.95,50,0,6.91
2100933,Ambunti,PG,-4.2365,142.8448,91.56,54,51,5.66
1052944,Angoche,MZ,-16.2325,39.9086,70.57,89,4,5.75
3397963,Itamaracá,BR,-7.7478,-34.8256,77.05,84,89,7.09
281133,Gaza,PS,31.5,34.4667,60.28,65,70,5.06
4575352,Columbia,US,34.0007,-81.0348,65.34,81,100,4.61
3347019,Mossamedes,AO,-15.1961,12.1522,70.57,76,0,4.9
3541446,Sagua de Tánamo,CU,20.5819,-75.2414,73.72,89,0,4.16
6323121,Florianópolis,BR,-27.6146,-48.5012,58.23,88,0,5.75
57000,Hobyo,SO,5.3505,48.5268,82.27,76,85,14.94
2177069,Ballina,AU,-28.8667,153.5667,65.79,90,100,9.22
3404558,Cabedelo,BR,-6.9811,-34.8339,75.87,84,100,8.39
2129324,Makubetsu,JP,45.3714,141.8211,46.11,76,75,27.63
2012349,Krasnyy Chikoy,RU,50.3643,108.7512,68.56,25,56,7.11
5983720,Iqaluit,CA,63.7506,-68.5145,26.33,68,100,4.61
1586443,Ca Mau,VN,9.1769,105.15,83.77,75,100,7.49
3571913,Marsh Harbour,BS,26.5412,-77.0636,78.96,73,9,13.42
1293625,Dawei,MM,14.0833,98.2,88.84,59,100,3.58
1492607,Severnoye,RU,56.3491,78.3619,40.37,37,96,8.5
4117436,Killin,US,33.6123,-91.7412,66.09,72,0,3.0
3428068,San Vicente,AR,-26.6167,-54.1333,53.08,98,69,2.66
2090990,Mendi,PG,-6.1761,143.6513,68.13,83,56,3.71
3402429,Caucaia,BR,-3.7361,-38.6531,78.04,82,40,5.75
2629833,Husavik,IS,66.0449,-17.3389,38.93,74,100,7.9
1806466,Guangyuan,CN,32.442,105.823,70.75,78,100,1.39
3915350,Guayaramerín,BO,-10.8368,-65.3614,72.05,73,55,3.09
6183235,Winnipeg,CA,49.8844,-97.147,61.56,68,100,25.32
214389,Kaniama,CD,-7.5667,24.1833,66.09,84,78,4.56
1852357,Shimoda,JP,34.6667,138.95,68.36,74,88,14.63
1168015,Pindi Gheb,PK,33.2402,72.2661,93.0,17,0,4.88
2136697,Lakatoro,VU,-16.0999,167.4164,82.78,61,43,17.45
3416888,Grindavik,IS,63.8424,-22.4338,46.87,93,100,26.46
1861280,Itoman,JP,26.1247,127.6694,78.94,85,75,12.66
3652758,Puerto Baquerizo Moreno,EC,-0.9,-89.6,71.64,91,2,10.76
4789648,Timberlake,US,37.3207,-79.2575,49.03,89,100,1.99
4074736,Marshall,US,34.3834,-86.3333,57.56,83,100,4.61
3694112,Paita,PE,-5.0892,-81.1144,67.93,80,1,15.39
5955902,Fort Nelson,CA,58.8053,-122.7002,38.79,87,100,14.97
524534,Mukhtolovo,RU,55.4644,43.1953,45.66,67,99,9.91
6942803,Caraquet,CA,47.7941,-64.9386,34.34,76,3,5.01
1263997,Mahabalipuram,IN,12.6264,80.1722,87.85,65,90,4.36
2337680,Illela,NG,13.7292,5.2975,86.81,40,81,7.23
86049,Jalu,LY,29.0331,21.5482,66.04,54,48,12.08
3517970,Pochutla,MX,15.7432,-96.4661,80.82,64,100,3.94
1254046,Tura,IN,25.5198,90.2201,86.25,51,0,2.51
5992154,Kindersley,CA,51.4668,-109.1682,53.62,32,75,10.36
1529484,Kumul,CN,42.8,93.45,79.23,18,100,8.88
1496511,Novy Urengoy,RU,66.0833,76.6333,19.0,93,23,6.71
6255012,Flinders,AU,-34.5833,150.8552,71.69,47,0,4.0
2120591,Tilichiki,RU,60.4667,166.1,32.07,95,80,13.8
2059470,Victor Harbor,AU,-35.5667,138.6167,61.0,61,78,3.18
103630,Najrān,SA,17.4924,44.1277,72.25,40,18,4.16
4255151,Bud,US,39.447,-86.1758,54.12,69,2,7.56
3671450,Inírida,CO,3.8653,-67.9239,72.7,98,87,2.71
2155562,Nelson Bay,AU,-32.7167,152.15,65.41,46,0,1.99
3096090,Kłobuck,PL,50.9008,18.9367,41.65,63,49,0.92
2181625,Te Anau,NZ,-45.4167,167.7167,59.4,88,100,3.53
115019,Shiraz,IR,29.6036,52.5388,58.44,55,40,0.0
572559,Borinskoye,RU,52.4569,39.3713,45.05,72,80,6.35
2013279,Vostok,RU,46.4856,135.8833,37.11,88,100,9.93
778707,Mehamn,NO,71.0357,27.8492,31.71,72,100,29.17
5972762,Hay River,CA,60.8156,-115.7999,33.78,100,100,14.97
1183307,Barkhan,PK,29.8977,69.5256,87.69,10,0,4.83
3664243,Feijó,BR,-8.1642,-70.3536,73.42,86,57,2.08
4047434,Russell,US,32.3502,-85.1999,62.64,68,0,11.5
1810637,Ganzhou,CN,28.8184,115.4327,68.81,94,100,2.46
2020838,Lensk,RU,60.7253,114.9278,42.03,64,100,18.86
6355222,Yulara,AU,-25.2406,130.9889,62.44,31,0,13.8
5364271,Laguna,US,38.421,-121.4238,65.8,52,0,16.11
1718367,Karligan,PH,14.975,122.0456,84.6,74,20,11.43
1529376,Korla,CN,41.7597,86.1469,73.49,40,100,14.07
4315067,Ascension,US,30.2169,-90.9001,77.14,86,1,3.96
1687894,Santa Rosa,PH,14.3122,121.1114,92.12,60,64,15.19
305681,Kumluca,TR,36.3703,30.2869,62.55,49,93,4.54
6067472,Marystown,CA,47.1666,-55.1483,35.85,100,3,9.75
3899361,Arica,CL,-18.475,-70.3042,62.83,72,0,5.75
4465088,Elizabeth City,US,36.2946,-76.2511,56.61,91,100,13.8
1082243,Ambilobe,MG,-13.2,49.05,69.35,89,35,3.27
3480908,La Asuncion,VE,11.0333,-63.8628,80.33,89,83,13.8
2344082,Ikorodu,NG,6.6191,3.5041,76.96,84,92,3.85
